Gene_name	Uniprot_ID	Protein_length	region_1	region_2	PDB
Nos1	P29476	1429.0	815-870	757-949	1b8q 1f20 1qau 1qav 1qw6 1qwc 1vag 1zvi 7ts9 7tsa 7tsb 7tsc 7tsd 7tse 7uan
PTPN1	P18031	435.0	353-387	2-277	1a5y 1aax 1bzc 1bzh 1bzj 1c83 1c84 1c85 1c86 1c87 1c88 1ecv 1een 1eeo 1g1f 1g1g 1g1h 1g7f 1g7g 1gfy 1i57 1kak 1kav 1l8g 1nl9 1nny 1no6 1nwe 1nwl 1nz7 1oem 1oeo 1oes 1oet 1oeu 1oev 1ony 1onz 1pa1 1ph0 1ptt 1ptu 1ptv 1pty 1pxh 1pyn 1q1m 1q6j 1q6m 1qxk 1sug 1t48 1t49 1t4j 1wax 1xbo 2azr 2b07 2bgd 2bge 2cm2 2cm7 2cm8 2cma 2cmb 2cmc 2cne 2cnf 2cng 2cnh 2cni 2f6f 2f6t 2f6v 2f6w 2f6y 2f6z 2f70 2f71 2h4g 2h4k 2hb1 2hnp 2hnq 2nt7 2nta 2qbp 2qbq 2qbr 2qbs 2veu 2vev 2vew 2vex 2vey 2zmm 2zn7 3a5j 3a5k 3cwe 3d9c 3eax 3eb1 3eu0 3i7z 3i80 3qkp 3qkq 3sme 3zmq 3zv2 4i8n 4qah 4qap 4qbe 4qbw 4zrt 5k9v 5k9w 5ka0 5ka1 5ka2 5ka3 5ka4 5ka7 5ka8 5ka9 5kaa 5kab 5kac 5qde 5qdf 5qdg 5qdh 5qdi 5qdj 5qdk 5qdl 5qdm 5qdn 5qdo 5qdp 5qdq 5qdr 5qds 5qdt 5qdu 5qdv 5qdw 5qdx 5qdy 5qdz 5qe0 5qe1 5qe2 5qe3 5qe4 5qe5 5qe6 5qe7 5qe8 5qe9 5qea 5qeb 5qec 5qed 5qee 5qef 5qeg 5qeh 5qei 5qej 5qek 5qel 5qem 5qen 5qeo 5qep 5qeq 5qer 5qes 5qet 5qeu 5qev 5qew 5qex 5qey 5qez 5qf0 5qf1 5qf2 5qf3 5qf4 5qf5 5qf6 5qf7 5qf8 5qf9 5qfa 5qfb 5qfc 5qfd 5qfe 5qff 5qfg 5qfh 5qfi 5qfj 5qfk 5qfl 5qfm 5qfn 5qfo 5qfp 5qfq 5qfr 5qfs 5qft 5qfu 5qfv 5qfw 5qfx 5qfy 5qfz 5qg0 5qg1 5qg2 5qg3 5qg4 5qg5 5qg6 5qg7 5qg8 5qg9 5qga 5qgb 5qgc 5qgd 5qge 5qgf 5t19 6b8e 6b8t 6b8x 6b8z 6b90 6b95 6bai 6cwu 6cwv 6ntp 6ol4 6olq 6olv 6omy 6pfw 6pg0 6pgt 6pha 6phs 6pm8 6w30 6xe8 6xea 6xed 6xee 6xef 6xeg 7ken 7key 7klx 7l0c 7l0h 7lfo 7mkz 7mm1 7mn7 7mn9 7mna 7mnb 7mnc 7mnd 7mne 7mnf 7mou 7mow 7rin 7s4f 8du7
EGFR	P00533	1210.0	166-309,482-618	712-979	1m14 1m17 1nql 1xkk 1yy9 1z9i 2eb2 2eb3 2gs2 2gs6 2itn 2ito 2itp 2itq 2itt 2itu 2itv 2itw 2itx 2ity 2itz 2j5e 2j5f 2j6m 2ks1 2n5s 2rgp 3b2v 3bel 3g5v 3g5y 3gop 3ob2 3p0y 3poz 3qwq 3ug1 3ug2 3vjn 3vjo 3vrp 3vrr 3w2o 3w2p 3w2q 3w2r 3w2s 3w32 3w33 4g5j 4hjo 4i1z 4i20 4i22 4i23 4jq7 4jq8 4jr3 4jrv 4krl 4kro 4krp 4li5 4lqm 4r3r 4r5s 4rj4 4rj5 4rj6 4rj7 4rj8 4tks 4uip 4uv7 4wkq 4wrg 4zau 5c8k 5c8m 5c8n 5cal 5can 5cao 5cap 5caq 5cas 5cau 5cav 5czi 5edp 5edq 5edr 5em5 5em6 5em7 5em8 5fed 5fee 5feq 5gmp 5gnk 5gtz 5hcx 5hcy 5hcz 5hg5 5hg7 5hg8 5hg9 5hib 5hic 5j9y 5j9z 5jeb 5u8l 5ug8 5ug9 5uga 5ugb 5ugc 5uwd 5x26 5x27 5x28 5x2k 5xdk 5xdl 5xgm 5xwd 5y25 5y9t 5zto 5zwj 6aru 6d8e 6jrj 6jrk 6jrx 6jwl 6jx0 6jx4 6jxt 6jz0 6lub 6lud 6s89 6s8a 6s9b 6s9c 6s9d 6vh4 6vhn 6vhp 7a6i 7aei 7aem 7b85 7er2 7k1i 7kxz 7om4 7oxb 7tvd 7vra 7vre
TP53	P04637	393.0	364-393	102-292	1aie 1c26 1h26 1jsp 1ma3 1yc5 1ycq 1ycr 1ycs 2b3g 2bin 2bio 2bip 2biq 2fej 2foj 2foo 2gs0 2h2d 2h2f 2h4f 2h4h 2h4j 2k8f 2l14 2ly4 2mej 2mwo 2mwp 2mwy 2mzd 2pcx 2ruk 2ydr 3d05 3d06 3d08 3d09 3igk 3igl 3lw1 3pdh 3tg5 4buz 4fz3 4ibv 4ibw 4ijt 4lof 4mzi 4qo1 4rp6 4rp7 4zzj 5bua 5hou 5hp0 5hpd 5mhc 5moc 6r5l 6rjz 6rk8 6rki 6rkk 6rkm 6rl3 6rl4 6rl6 6rm5 6rm7 6rwh 6rwi 6rws 6rwu 6rx2 6rz3 6s39 6s3c 6s40 6s9q 6sin 6sio 6sip 6siq 6sl6 6slv 6v4f 6vrm 6vrn 6xre 6znc 7b4d 7b4e 7b4f 7b4g 7b4h 7b4n 7eds 7el4 7nmi 8dc7 8dc8
CHEK1	O14757	476.0	391-476	9-265	1ia8 1nvq 1nvr 1nvs 1zlt 1zys 2ayp 2br1 2brb 2brg 2brh 2brm 2brn 2bro 2c3j 2c3k 2c3l 2cgu 2cgv 2cgw 2cgx 2e9n 2e9o 2e9p 2e9u 2gdo 2ghg 2hog 2hxl 2hxq 2hy0 2qhm 2qhn 2r0u 2wmq 2wmr 2wms 2wmt 2wmu 2wmv 2wmw 2wmx 2x8d 2x8e 2x8i 2xey 2xez 2xf0 2ydi 2ydk 2yer 2yex 2ym3 2ym4 2ym5 2ym6 2ym7 2ym8 2ywp 3f9n 3jvr 3jvs 3nlb 3ot3 3ot8 3pa3 3pa4 3pa5 3tkh 3tki 3u9n 4fsm 4fsn 4fsq 4fsr 4fst 4fsu 4fsw 4fsy 4fsz 4ft0 4ft3 4ft5 4ft7 4ft9 4fta 4ftc 4fti 4ftj 4ftk 4ftl 4ftm 4ftn 4fto 4ftq 4ftr 4ftt 4ftu 4gh2 4hyh 4hyi 4jik 4qye 4qyf 4rvk 4rvl 4rvm 5dls 5f4n 5oop 5oor 5oot 5op2 5op4 5op5 5op7 5opb 5opr 5ops 5opu 5opv 5oq5 5oq6 5oq8 6fc8 6fcf 6fck 7bjd 7bje 7bjh 7bjj 7bjm 7bjo 7bjr 7bk1 7bk2 7bk3 7bkn 7bko 7mck 7suf 7sug 7suh 7sui
SRC	P00523	533.0	148-245,246-266	81-142,521-533	1f1w 1f2f 1nlo 1nlp 1prl 1prm 1rlp 1rlq 1srl 1srm 2ptk 3d7t 3el7 3u4w 4hvu 4hvv 4hvw 4jz3 4le9 4oml 4omm 4omn 4omp 4omq 4qt7 4rtu 4rtv 4rty 4rtz 4ybk 5i11 5ob0 5ob1 6xvo 6xx2 6xx3 6xx4 6xx5 7a30 7a34 7a3a 7a3b 7a3e 7ner 7nes 7pvy
JAK2	O60674	1132.0	758-807	849-1124	3e62 3e63 3e64 3io7 3iok 3jy9 3kck 3krr 3rvg 3ugc 4d0w 4d0x 4d1s 4f09 4fvp 4fvq 4fvr 4gfm 4gmy 4iva 4jia 4ytc 4ytf 4yth 4yti 5aep 5i4n 5l3a 5tq4 5tq5 5tq8 5usz 5ut0 5ut1 5ut2 5ut3 5ut4 5ut5 5ut6 5wev 5wij 5wik 5wil 5wim 5win 6bbv 6brw 6bs0 6bss 6drw 6m9h 6oav 6obb 6obf 6obl 6occ 6tpd 6wtn 6wto 6wtp 6wtq 6xjk 7jyo 7jyq 7ll4 7ll5 7q7i 7q7k 7q7l 7q7w 7ree 7rn6 7t1t 7uyw
MAPK1	P28482	360.0	173-196	25-172,197-313	1pme 1tvo 1wzy 2ojg 2oji 2ojj 2y9q 3d42 3d44 3i5z 3i60 3sa0 3tei 3w55 4fmq 4fux 4fuy 4fv0 4fv1 4fv2 4fv3 4fv4 4fv5 4fv6 4fv7 4fv8 4fv9 4g6n 4g6o 4h3q 4n0s 4o6e 4qp9 4qta 4qte 4zxt 4zzm 4zzn 4zzo 5ax3 5bue 5bui 5buj 5bvd 5bve 5bvf 5k4i 5lcj 5lck 5ngu 5nhf 5nhh 5nhj 5nhl 5nho 5nhp 5nhv 5v60 5v61 5v62 5wp1 6d5y 6dmg 6g54 6g8x 6g91 6g92 6g93 6g97 6g9a 6g9d 6g9h 6g9j 6g9k 6g9m 6g9n 6gdm 6gdq 6ge0 6gjb 6gjd 6nbs 6opg 6oph 6opi 6q7k 6q7s 6q7t 6qa1 6qa3 6qa4 6qag 6qah 6qal 6qaq 6qaw 6rq4 6slg 7auv 7e73 7e75 7nqq 7nqw 7nr3 7nr5 7nr8 7nr9 7opm 8ao2 8ao3 8ao4 8ao5 8ao6 8ao7 8ao8 8ao9 8aoa 8aob 8aoc 8aod 8aoe 8aof 8aog 8aoh 8aoi 8aoj
BTK	Q06187	659.0	3-133	402-655	1aww 1awx 1qly 2ge9 3gen 3k54 3ocs 3oct 3pix 3piy 3piz 3pj1 3pj2 3pj3 4ot5 4ot6 4otf 4otq 4otr 4rfy 4rfz 4rg0 4rx5 4z3v 4zly 4zlz 5bq0 5fbo 5kup 5p9f 5p9g 5p9h 5p9i 5p9j 5p9k 5p9l 5p9m 5t18 5u9d 5vfi 5vgo 6aua 6aub 6bik 6bke 6bkh 6bkw 6bln 6di0 6di1 6di3 6di5 6di9 6e4f 6ep9 6hrp 6hrt 6htf 6j6m 6n9p 6nfh 6nfi 6o8i 6omu 6w06 6w07 6x3p 6xe4 7kxl 7kxm 7kxn 7kxo 7kxp 7kxq 7l5o 7lty 7ltz 7n4q 7n4r 7n4s 7n5o 7n5r 7n5x 7n5y 7r60 7r61
KPNA2	P52293	529.0	2-60	142-238,315-403	1ejl 1ejy 1ial 1pjn 1q1s 1q1t 1y2a 2c1m 2ynr 3btr 3knd 3l3q 3oqs 3q5u 3rz9 3rzx 3tpm 3tpo 3ukw 3ukx 3uky 3ukz 3ul0 3ul1 3uvu 3ve6 3zin 3zio 3zip 3ziq 3zir 4ba3 4htv 4mz5 4mz6 4oih 4u54 4u58 4u5l 4u5n 4u5o 4u5s 4u5u 4u5v 4uaf 4yi0 4zdu 5ctt 5d5k 5e6q 5ekf 5ekg 5fc8 5gxw 5hhg 5huw 5huy 5k9s 5klr 5klt 5svz 5u5p 5u5r 5umz 5v5o 5v5p 5w41 5w4e 5w4f 5w4g 5wum 5wun 5x8n 6bvt 6bw0 6bw1 6d7m 6d7n 6iu7 6iua 6iw8 6iwa 6k06 6mjl 6p6a 6p6e 6wba 6wbb 6wbc 6wx7 7jjm 7jk7 7jvo 7l04 7leq 7let 7leu 7m60 7rfx 7rfz 7rg0 7rg1 7rg2 7rg3 7rg4 7rg6 8ech
RAN	P62826	216.0	179-216	10-169	1qbk 2mmc 2mmg 2n1b 3ch5 3gj3 3gj6 3nc1 4gpt 4hat 4hau 4hav 4haw 4hax 4hay 4haz 4hb0 4hb2 4hb3 4hb4 4ol0 4wvf 5dh9 5dha 5dhf 5di9 5dif 5dis 5jlj 5uwh 5uwi 5uwj 5uwo 5uwp 5uwq 5uwr 5uws 5uwt 5uwu 5uww 5yro 5yst 5ysu 5ytb 5zpu 6a38 6a3a 6a3b 6a3c 6a3e 6cit 6kft 6lq9 6m60 6m6x 6nif 6q82 6tvo 6x2m 6x2o 6x2p 6x2r 6x2s 6x2u 6x2v 6x2w 6x2x 6x2y 6xjp 6xjr 6xjs 6xjt 6xju 7b51 7cnd 7dbg 7l5e 7mnq 7mnr 7mns 7mnu 7mnv 7mo1 7mo5
BRAF	P15056	766.0	100-345	457-717	2l05 5csx 5hi2 5j17 5j18 5j2r 5vr3 6nyb 6p3d 6pp9 6u2g 6v2w 6xfp 7m0t 7m0u 7m0v 7m0w 7m0x 7m0y 7m0z 7mfd 7mfe
PDE4D	Q08499	809.0	271-339	386-715	1e9k 3iak 3k4s
GSK3B	P49841	420.0	3-12	56-340	1o6k 1o6l 1o9u 1uv5 2jdo 2jdr 2o5k 2uw9 2x39 2xh5 3cqu 3cqw 3gb2 3mv5 3qkk 3zdi 4b7t 4dit 4nm0 4nm3 4nm5 4nm7 6b8j 6hk7 6tcu 6v6l 6y9r 7b6f
RELA	Q04206	551.0	436-550	1-194	2lsp 2o61 4kv4 5u4k 5urn 6nv2 6qhl 6qhm 6yow 6yox 6yoy 6yp2 6yp3 6yp8 6ypl 6ypy 6yq2 7bi3 7biq 7biw 7biy 7bjb 7bjf 7bjl 7bjw 7bkh 7let 7nj9 7njb 7nk3 7nk5 7nla 7nle 7nm1 7nm3 7nm9 7nmh 7nqp 7nr7 7nsv 7nv4 7nvi 7nws 7nxs 7nxt 7nxw 7nxy 7ny4 7nye 7nyf 7nyg 7nz6 7nzg 7nzk 7nzv 7o34 7o3a 7o3f 7o3p 7o3q 7o3r 7o3s 7o57 7o59 7o5a 7o5c 7o5d 7o5f 7o5g 7o5o 7o5p 7o5s 7o5u 7o5x 7o6f 7o6g 7o6i 7o6j 7o6k 7o6m 7o6o
SYK	P43405	635.0	93-167,245-370	371-631	1csy 1csz 1xba 1xbb 1xbc 3emg 3fqe 3fqs 3tub 3tuc 3tud 3vf8 3vf9 4dfl 4dfn 4f4p 4fl1 4fl2 4fl3 4fyn 4fyo 4fz6 4fz7 4gfg 4i0r 4i0s 4i0t 4pv0 4px6 4rss 4rx7 4rx8 4rx9 4wnm 4xg2 4xg4 4xg6 4xg7 4yjo 4yjp 4yjq 4yjr 4yjs 4yjt 4yju 4yjv 5c26 5c27 5cxh 5cxz 5cy3 5lma 5tiu 5tr6 5tt7 5y5t 6hm6 6hm7 6ssb 6zc0 6zcp 6zcq 6zcr 6zcs 6zcu 6zcx 6zcy
	P00579	613.0	2-80	379-449,458-534	1sig 1tlh 3iyd 6b6h 6c9y 6ca0 6jnx 6k4y 6ldi 6n4c 6n57 6n58 6oul 6p18 6p1k 6pb4 6pb5 6pb6 6psq 6psr 6pss 6pst 6psu 6psv 6psw 6wmu 6xh7 6xh8 6xl5 6xl9 6xlj 6xll 6xlm 7bef 7beg 7c17 7c97 7chw 7dy6 7khb 7khc 7khe 7khi 7mkd 7mke 7mki 7mkj 7szj 7szk 7vwy 7vwz 7xui
SOS1	Q07889	1333.0	1-198	198-565	1awe 1bkd 1dbh 1nvu 1nvv 1nvw 1nvx 2ii0 3ksy 4nyi 4nyj 4nym 4uru 4urv 4urw 4urx 4ury 4urz 4us0 4us1 4us2 5ovd 5ove 5ovf 5ovg 5ovh 5ovi 5wfo 5wfp 5wfq 5wfr 6bvi 6bvj 6bvk 6bvl 6bvm 6cuo 6cup 6cur 6d55 6d56 6d59 6d5e 6d5g 6d5h 6d5j 6d5l 6d5m 6d5v 6d5w 6epl 6epm 6epn 6epo 6epp 6scm 6v94 6v9f 6v9j 6v9l 6v9m 6v9n 6v9o 6y44 7avv 7kfz 7uks
ALK	Q9UM73	1620.0	1279-1288,1158-1173	1116-1157,1174-1278,1289-1392	2kup 2kuq 2xb7 2xba 2xp2 2yfx 2yhv 2yjr 2yjs 2ys5 2yt2 3aox 3l9p 3lcs 3lct 4anl 4anq 4ans 4ccb 4ccu 4cd0 4cli 4clj 4cmo 4cmt 4cmu 4ctb 4ctc 4fnw 4fnx 4fny 4fnz 4fob 4foc 4fod 4joa 4mkc 4tt7 4z55 5a9u 5aa8 5aa9 5aaa 5aab 5aac 5fto 5ftq 5imx 5iug 5iuh 5iui 5kz0 5vz5 6at9 6cdt 6e0r 6ebw 6edl 6mx8 7btt 7jy4 7jyr 7jys 7jyt 7lrz 7mzw 7nx4 7r7k 7r7r 8arj
ABL1	P00519	1130.0	67-113,127-217	242-493	1ab2 1awo 1ju5 1zzp 2abl 2f4j 2fo0 3eg2 3eg3 3egu 3qrk 3t04 3uyo 4j9b 4j9c 4jjc 4jjd 5dc0 5dc4 5dc9 5hu9 5mo4 6amv 6amw 6xr6 6xr7 6xrg
FGFR1	P11362	822.0	120-149	158-246,478-767	1xr0 2cr3 3dpk 3gqi 3krl 5w59
PTPN11	Q06124	593.0	3-104	247-517	3b7o 3mow 3o5x 3tkz 3tl0 3zm0 3zm1 3zm2 3zm3 4dgp 4dgx 4h1o 4h34 4je4 4jeg 4jmg 4ohd 4ohe 4ohh 4ohi 4pvg 4qsy 4rdd 5bk8 5df6 5x7b 5xzr 6cmr 6cms 6r5g 7ppl 7ppm 7ppn 7r75
SRC	P12931	536.0	249-269,151-248	84-145,524-536	1fmk 1hcs 1hct 1ksw 1o41 1o42 1o43 1o44 1o45 1o46 1o47 1o48 1o49 1o4a 1o4b 1o4c 1o4d 1o4e 1o4f 1o4g 1o4h 1o4i 1o4j 1o4k 1o4l 1o4m 1o4n 1o4o 1o4p 1o4q 1o4r 1shd 1y57 2bdj 2h8h 2src 3vro 3zmq 4f59 4f5a 4f5b 4k11 6ate 7ng7
PMAIP1	P00782	382.0	1-77	112-381	1a2q 1ak9 1aqn 1au9 1dui 1gns 1gnv 1lw6 1s01 1s02 1sbh 1sbi 1sbn 1sbt 1sib 1st2 1sua 1sub 1suc 1sud 1sue 1sup 1tm1 1tm3 1tm4 1tm5 1tm7 1tmg 1to1 1to2 1ubn 1v5i 1y1k 1y33 1y34 1y3b 1y3c 1y3d 1y3f 1y48 1y4a 1y4d 1yja 1yjb 1yjc 2sbt 2sic 2sni 2st1 3f49 3sic 5sic 7am3 7am4 7am5 7am8
PLK1	P53350	603.0	367-603	53-305	2ojx 2ou7 2owb 2rku 2yac 3bzi 3c5l 3fc2 3fvh 3hik 3kb7 3p2w 3p2z 3p34 3rq7 3thb 4a4l 4a4o 4dfw 4e67 4e9c 4e9d 4j52 4j53 4lkl 4o56 4o6w 4o9w 4rcp 4whh 4whk 4whl 4x9r 4x9v 4x9w 5nei 5nfu 5nje 5nmm 5nn1 5nn2 5ta6 5ta8 6ax4
MAP2K1	Q02750	393.0	75-102	68-74,103-361	1s9j 2p55 3dv3 3dy7 3e8n 3eqb 3eqc 3eqd 3eqf 3eqg 3eqh 3eqi 3mbl 3orn 3os3 3pp1 3v01 3v04 3wig 3zls 3zlw 3zlx 3zly 3zm4 4an2 4an3 4an9 4anb 4ark 4lmn 4u7z 4u80 4u81 5bx0 5hze 6nyb 6pp9 6q0t 6u2g 6v2w 6x2p 6x2s 6x2x 7m0t 7m0u 7m0v 7m0w 7m0x 7m0y 7m0z 7mfd 7pqv
LCK	P06239	509.0	127-244,341-408	61-121,499-509	1bhf 1cwd 1h92 1ijr 1kik 1lcj 1lkk 1lkl 1q68 1q69 1qpc 1qpd 1qpe 1qpj 2iim 2of2 2of4 2ofu 2pl0 2zm1 2zm4 2zyb 3ac1 3ac2 3ac3 3ac4 3ac5 3ac8 3acj 3ack 3ad4 3ad5 3ad6 3b2w 3bym 3byo 3bys 3byu 3kmm 3kxz 3lck 3mpm 4c3f 4d8k 5mtm 5mtn
KDR	P35968	1356.0	790-833	834-1162	1vr2 1y6a 1y6b 1ywn 2p2h 2qu5 2rl5 2x1x 2xir 3be2 3c7q 3cjf 3cjg 3ewh 3kvq 3s35 3s36 3s37 3u6j 3v2a 3v6b 3vhe 3vhk 3vid 3vnt 3vo3 3wzd 3wze 4ag8 4agc 4agd 4asd 4ase 6gqo 6gqp 6gqq 6xvj 6xvk
NTRK1	P04629	796.0	287-384	510-781	1he7 1shc 4gt5 4pmm 4pmp 4pms 4pmt 4yne 4yps 5h3q 5i8a 5jfs 5jfv 5jfw 5jfx 5kmi 5kmj 5kmk 5kml 5kmm 5kmn 5kmo 5kvt 5wr7 6d1y 6d1z 6d20 6d22 6dkb 6dkg 6dki 6j5l 6npt 6nsp 6nss 6pl1 6pl2 6pl3 6pl4 6pma 6pmb 6pmc 7vkn 7vko 7xaf
TMEM173	Q86WV6	379.0	340-379	153-339	4ef5 4f5e 4f5w 4f9e 4ksy 4qxo 5bqx 6cy7 6dnk 6dxg 6rm0 6s27 6ukm 6uku 6uky 6ul0 6y99 6ydb 6ydz 6yea 6ywb 6z0z 6z15 7a90 7kvx 7kvz 7kw1 7mhc 7ob3 7r4h 7sho 7ssm 7x9q
FYN	P06241	537.0	149-246,247-270	82-143,525-537	1a0n 1aot 1aou 1avz 1azg 1fyn 1m27 1nyf 1nyg 1zbj 2dq7 2mqi 2mrj 3h0f 3h0h 4eik 5zau 6edf 6ipy 6ipz 7a2o 7a2p 7a2q 7a2r 7a2s 7a2t 7a2u 7a2v 7a2w 7a2x 7a2y 7a2z
FGFR2	P21802	821.0	125-144	154-247,481-770	1djs 1gjo 1nun 1oec 1wvz 3caf 3cly 3ojm 4j23 5eg3
NOS3	P29474	1203.0	580-635	520-703	2ll7 2mg5 2n8j
TBP	P20226	339.0	1-55	165-241,255-332	1jfi 1nvp 1tgh 4roc 4rod 4roe 5fur 5iy6 5iy7 5iy8 5iy9 5iya 5iyb 5iyc 5iyd 6mzd 6mzl 6mzm 6o9l 7edx 7eg7 7eg8 7eg9 7ega 7egb 7egc 7egd 7ege 7egf 7egi 7egj 7ena 7enc 7lbm 7nvr 7nvs 7nvt 7nvu 7nvy 7nvz 7nw0
PCSK9	Q8NBP7	692.0	31-60	155-461	5vla 5vlh 5vlk 5vll 5vlp 6e4y 6e4z 6mv5 6olz 6om0 6om7 6u2f 6u3i 7anq
INSR	P06213	1382.0	980-1017	1023-1298	1gag 1i44 1ir3 1irk 1p14 2auh 2mfr 2z8c 3bu3 3bu5 3bu6 3ekk 3ekn 4xlv 4xss 4xst 4zxb 5e1s 5hhw 5j3h 5u1m 7s8v
NEIL1	Q96FI4	390.0	244-245	220-280	1tdh 4nrv 5itq
PDE4B	Q07343	736.0	166-281	330-649	1xos 2chm 2qyl 3d3p 3frg 3gwt 3o0j 3o56 3o57 4kp6 4myq 4nw7 5k6j 5laq
PAK4	O96013	591.0	1-130	321-572	2cdz 2j0i 2q0n 2x4z 4app 4fih 4fij 4jdh 4jdi 4jdj 4jdk 4njd 4o0v 4o0x 4o0y 4xbr 4xbu 5bms 5i0b 5upl 5ved 5vee 5vef 5xva 5xvf 5xvg 5zjw 6wlx 6wly 7cmb 7cp3 7cp4 8ahg 8ahh 8ahi
PDE5A	O76074	875.0	403-539	156-331	1rkp 1t9r 1tbf 1udt 1uho 1xoz 1xp0 2chm 2h40 3bjc 3hc8 3hdz 3shy 3shz 3tge 3tgg 4g2w 4g2y 4i9z 4ia0 4md6 4oew 4oex 5jo3 5zz2 6acb 6iwi 6l6e 7faq 7far
ERBB2	P04626	1255.0	676-684	720-987	1mfg 1mfl 1mw4 1n8z 2a91 2ks1 2l4k 3be1 3mzw 3n85 3wsq 4gfu 4hrl 5k33 5kwg 5my6 5o4g 6att 6bgt 6j71 6lbx 6oge 7mn5 7mn6 7mn8 7pcd
HSPA8	P11142	646.0	263-287	225-262	3fzf 3fzh 3fzk 3fzl 3fzm 3ldq 3m3z 4h5t 4h5v 4hwi 5aqu 5aqv
DLG4	P31016	724.0	428-498	534-709	1be9 1bfe 1iu0 1iu2 1jxm 1kjw 1qlc 1rgr 1tp3 1tp5 1tq3 2ka9 2mho 3wp0 3wp1 5b64 5gnv 5hdy 5heb 5hed 5het 5hey 5hf1 5hf4 5hfb 5hfc 5hfd 5hfe 5hff 5w72 5ypr 7cqf
HCK	P08631	526.0	142-239,240-259	76-136,514-425	1qcf 2hk5 2oi3 2oj2 3hck 3nhn 4hck 4orz 5h09 5h0b 5h0e 5h0g 5h0h 5hck
SIRT2	Q8IXJ6	389.0	320-352	65-319	4rmg 4rmh 4rmi 4x3o 4x3p 5dy4 5dy5 5y5n 5yql 5yqm 5yqn 5yqo 6l65 6l66 6l71 6l72 7bos 7bot
EP300	Q09472	2414.0	1520-1581	1287-1663	1l3e 1p4q 2k8f 2mh0 2mzd 3biy 3io2 3p57 3t92 4pzr 4pzs 4pzt 5bt3 5kj2 5lkt 5lku 5lkx 5lkz 6ds6 6fgn 6fgs 6k4n 6v8b 6v8k 6v8n 6v90 7w9v
MDM4	O15151	490.0	190-210	26-106	2cr8 2mwy 2n06 2n0u 2n0w 2n14 3fdo 3fe7 3fea 3jzo 3jzp 3lbj 3mqr 7c3q 7c3y 7c44 7el4 7kjn 7mla
VCL	P18206	1134.0	878-890	896-1066	1rkc 1syq 1ydi 2gww 2hsq 2ibf 3jbk 3myi 3tj5 3tj6 3vf0 4dj9 4ehp 4ln2 4lnp 5l0h 5l0i 5o2q 6fuy 7ktt 7ktu 7ktv 7ktw
ITK	Q08881	620.0	4-111	363-615	2e6i 2lmj 2yuq 3mj1 3mj2 3t9t 4hct 4hcu 4hcv 4m0y 4m0z 4m12 4m13 4m14 4m15 4pqn 4rfm
PTK2	Q05397	1052.0	35-355	422-680	1k04 3bz3 4ebw 4i4e 4i4f 4k9y 4q9s 6i8z 6pw8 6yoj 7pi4
AKT1	P31749	480.0	5-108	150-408	1h10 1unp 1unq 1unr 2uvm 2uzr 2uzs 3cqu 3cqw 3mv5 3mvh 3o96 3qkk 3qkl 3qkm 4ejn 4ekl 4gv1 5kcv 6ccy 6hhf 6hhg 6hhh 6hhi 6hhj 6s9w 6s9x 7apj 7nh4 7nh5
PTK2	Q00944	1053.0	35-362	422-680	1ktm 1pv3 1qvx 2j0j 2j0l 2jkk 2jkm 2jko 2jkq 2l6f 2l6g 2l6h 4brx 4c7t 4d55 6gcr 6gcx
RET	P07949	1114.0	900-909	724-899,910-1016	2ivt 2ivu 2ivv 2x2k 2x2l 2x2u 4cki 4ckj 5amn 5fm2 5fm3 6fek 6i83 6ne7 6nja 6vhg 7nzn
MELK	Q14680	651.0	602-651	11-263	4bky 4bkz 4bl1 4ixp 4umq 4umr 4umt 4umu 5ih8 5ih9 5iha 5ihc 5k00 5m5a 5maf 5mag 5mah 5mai 5tvt 5twl 5twz 6vxr
CSNK1D	P48730	415.0	317-342	9-277	5ih4 5ih5 5ih6 6rcg
CBL	P22681	906.0	353-380	381-435	1yvh 2cbl 2juj 2k4d 3bun 3ob1 3ob2 4a49 4a4b 4a4c 4gpl 5hky 5hkz 5hl0 6o02
FGFR4	P22455	802.0	120-145	150-240,467-755	4qq5 4qqc 4qqj 4qqt 4qrc 4r6v 4tye 4tyg 4tyi 4tyj 4uxq 4xcu 5jkg 5xff 5xfj 6iuo 6iup 6jpe 6jpj 6nvg 6nvh 6nvi 6nvj 6nvk 6v9c 7dtz 7f3m 7wct 7wcw 7wcx
MAPRE1	Q15691	268.0	249-268	14-116	1pa7 1txq 1ueg 1yib 2hkq 2hl3 3tq7 5jvs 5jx1 5wlq
PAK1	Q13153	545.0	83-149	270-521	1yhv 1yhw 1zsg 2hy8 2qme 3fxz 3fy0 3q52 3q53 4daw 4eqc 5dfp
IGF1R	P08069	1367.0	930-960	999-1274	1igr 2oj9 3d94 3i81 3nw5 3nw6 3nw7 3o23 4d2r 4xss 5fxq 5fxr 5fxs 5u8q 5u8r 7ph8 7s0q 7s8v
RAF1	P04049	648.0	51-186	349-609	1c1y 1faq 1far 1gua 1rfa 3iqj 3iqu 3iqv 3kuc 3kud 3o8i 4fj3 4g0n 4g3x 4iea 4ihl 6ntc 6ntd 6pts 6ptw 6vjj 6xgu 6xgv 6xha 6xhb 6xi7 7jhp 7z37 7z38
SMYD3	Q9H7B4	428.0	280-428	4-240	3mek 3oxg 3oxl 3pdn 3qwp 5ccl 5ccm 5ex0 5ex3 5hi7 5v37 5xxd 5xxg 5xxj 5yjo 6ijl 6o9o 6p6g 6p6k 6p7z 6paf 6yuh 6zrb 7bj1 7o2a 7o2b 7o2c
KIT	P10721	976.0	544-583	589-937	1t45 1t46 2ec8 2iuh 2vif 3g0e 4hvs 4k94 4k9e 6hh1 6itv 6kla 6mob 7khg
DDX58	O95786	925.0	794-925	1-87,92-172	2lwd 2lwe 2rmj 2ykg 3zd6 3zd7 4ay2 4bpb 5e3h 6gpg
MAPKAPK2	P49137	400.0	328-364	64-325	1ny3 2jbo 2oza 2p3g 3fpm 3fyj 3fyk 3ka0 3kga 3m2w 3m42 3r2y 3r30 4tyh 7nry
CCNT1	O60563	726.0	1-249,402-701	250-262	3blh 3blq 3blr 3lq5 3mi9 3mia 3my1 3tn8 3tnh 3tni 4bcf 4bcg 4bch 4bci 4bcj 4ec8 4ec9 5l1z 6cyt 6gzh 6w9e 6z45 7nwk
SETD2	Q9BYW2	2564.0	2353-2382	2383-2430	2a7o 2mdc 2mdi 2mdj 4fmu 4h12 5jjy 5jlb 5jle 5lss 5lsx 5lsy 5lsz 5lt7 5lt8 5v21 5v22 6j9j 6vdb 7ea8 7lzb 7lzd 7lzf 7ty2 7ty3
MAPK8IP1	Q9UQF2	711.0	495-544	0-0	3oxi 3ptg 3vud 3vug 3vuh 3vui 3vuk 3vul 3vum 4e73 4g1w 4h39 4hys 4hyu 4izy
NSD3	Q9BZ95	1437.0	1145-1258	1258-1273	2daq 2ncz 2nd1 4gne 4gnf 4rxj 5upd 6cen 6g24 6g25 6g27 6g29 6g2b 6g2c 6g2e 6g2f 6g2o 7crp 7crr 7jyn
ABL1	P00520	1123.0	1-60,61-121,127-217,218-241,383-400	242-493	1abq 1opk 2hzn 2z60 3oxz
NOTCH1	P46531	2555.0	1571-1734	0-0	1pb5 1toz 2f8x 2vj3 4cud 4cue 4cuf 4d0e 4d0f 5fm9 5kzo 5l0r 5ub5 6idf
FLNB	O75369	2602.0	2091-2185	2188-2280	2di8 2di9 2dia 2dib 2dic 2dj4 2dlg 2dmb 2dmc 2e9i 2e9j 2ee6 2ee9 2eea 2eeb 2eec 2eed 2wa5 2wa6 2wa7
CAMKK2	Q96RR4	588.0	472-477	165-446	2zv2 5uy6 5uyj 5vt1 5yv8 5yv9 5yva 5yvb 5yvc 6bku 6ble 6bql 6bqp 6bqq 6y3o 6y8a
BIRC2	Q13490	618.0	453-543	571-606	1qbh 2l9m 3d9u 3t6p 3uw4 4kmn 6hpr 6w74
FLNA	P21333	2647.0	2142-2235	2236-2325	2aav 2jf1 2k3t 2k7p 2k7q 2mtp 4m9p 5xr1
CSF1R	P07333	972.0	542-574	582-910	2i0v 2i0y 2i1m 2ogv 3bea 3dpk 3krj 3krl 3lcd 3lco 4dkd 4hw7 4liq 4r7h 4r7i 4wrm 6ig8 6n33 6t2w 6wxj 7mfc 7tnh
PRKAR1A	P00514	380.0	1-101	137-380	1ne4 1ne6 1rgs 2qcs 3fhi 3iia 3im3 3plq 3pvb 4jv4 4x6r
MLKL	Q8NB16	471.0	133-150	1-124	2msv 4m67 4mwi 5ko1 6bwk 6d74 6lk5 6lk6 6ux8 6zle 6zpr 7mon 7nm2 7nm4 7nm5
ETS1	P14921	441.0	280-330	335-415	2stt 2stw 3wu1 4l0y 4l0z 4lg0 5zmc
PRKAA1	P54645	559.0	313-335	27-279	2v8q 2v92 2v9j 2y8l 2y8q 2ya3 4eai 4eaj 4eak 4eal 4f2l 4qfg 4qfr 4qfs 5kq5 5t5t 5ufu 6e4t 6e4u 6e4w
SLC9A3R1	O14745	358.0	242-328	14-94,154-234	1g9o 1gq4 1gq5 1i92 1sgh 2jxo 2kjd 2krg 2m0t 2m0u 2m0v 2ozf 4jl7 4lmm 4mpa 4n6x 4pqw
RPS6KB1	P23443	525.0	424-525	91-352	3a61 3a62 3we4 3wf5 3wf6 3wf7 3wf8 3wf9 4l3j 4l3l 4l42 4l43 4l44 4l45 4l46 4rlp 5wbh 5wbk
GGA1	Q9UJY5	639.0	358-362	17-147	1j2j 1jwf 1naf 1nwm 1o3x 1oxz 1x79
PGR	P06401	933.0	375-397	1-164,456-564	2ovh 2ovm 4oar
SARM1	Q6SZW1	724.0	560-703,382-385,375-399,281-331	244-269,134-173,162-197,402-476,412-484	6o1b
PRKG1	Q13976	671.0	50-75	360-619	4qxk 5jd7 5l0n 6c0t 7ssb
PDCD6IP	Q8WUM4	868.0	709-745	3-392	2oev 2oew 2ojq 2r02 2r03 2r05 2xs1 2xs8 3c3o 3c3q 3c3r 3e1r 5v3r 5wa1 6kp3
RPS6KA1	Q15418	735.0	687-706	62-321,418-675	2z7q 2z7r 2z7s 3tei 5csf 5csi 5csj 5csn 5n7d 5n7f 5n7g 5v61 5v62 6twy 7p74
PPP5C	P53041	499.0	28-129,487-499	184-486	1a17 2bug 4zx2 5hpe 5wg8
DNMT3A	Q9Y6K1	912.0	476-626	634-912	3a1a 3a1b 4qbs 4u7p
	Q9EZJ8	438.0	1-73	249-438	1ku3 1l9z 1rio 3lev 3ugo 3ugp 5tjg
IRF3	Q14653	427.0	380-427	98-240	2o61 5jeo 6siv 6sja
PARP2	Q9UGN5	583.0	231-348	356-538	4zzy 5d5k 6f1k 6tx3 7aeo
PPP3CA	Q08209	521.0	467-491	1-348	1aui 1mf8 2jog 2jzi 4f0z 4q5u 5sve 6nuc 6nuf 6nuu 6uuq
MAP4K1	Q92918	833.0	474-687	17-274	6cqf 7r9l
AKT2	P31751	481.0	5-108,410-481	152-409	1gzk 1gzn 1gzo 1mrv 1mry 1o6k 1o6l 1p6s 2jdo 2jdr 2uw9 2x39 2xh5
TP63	Q9H3D4	680.0	610-680	394-443	1rg6 2rmn 2y9t 2y9u 3zy1 6fgn 6ru6 7z72 7z7e
TEK	Q02763	1124.0	770-807,832-836,982-1008,1110-1124	924-1096	2gy5 2gy7 2oo8 2osc 2wqb 3bea 3l8p 4k0v 4x3j
MINDY1	Q8N5J2	469.0	130-138	388-426	5jkn 5jqs 5mn9 6tuv 6txb 6y6r 6yjg 6z90
VCL	P12003	1135.0	878-890	891-1135	1st6 1t01 1u6h 1xwj 1zvz 1zw2 1zw3 2gdc 3jbi 3zdl 4e17 4e18 6fq4 6nr7
NSF	P18708	744.0	203-222	0-0	1d2n 1nsf 1qcs
ZAP70	P43403	619.0	126-155,256-337	338-600	1fbv 1m61 1u59 2cbl 2oq1 2ozo 4a4b 4a4c 4k2r 4xz0 4xz1
SDCBP	O00560	298.0	1-113,276-298	114-273	1nte 1obx 1r6j
NFKB1	P19838	968.0	434-968	42-367	1mdi 1mdj 1mdk 1svc 2dbf 2o61 7leq 7let 7lfc 7rg4 7rg5
DNMT1	P26358	1616.0	647-714	1140-1602	3pta 3swr 4yoc 4z96 4z97 5wvo 5ydr 6x9i 6x9j 6x9k 7sfc 7sfd 7sfe 7sff 7sfg
BID	P55957	195.0	21-51	60-195	1zy3 2bid 2kbw 2m5b 2m5i 4bd2 4qve 4zeq 4zig 4zii 5ajj 5c3f 7m5a
KPNA4	O00629	521.0	2-57	137-229,306-394	4uae 5xzx 6bvv 6bvz 6bw9 6bwa 6bwb 7jjl 7lfc 7rfy 7rg5
	Q9X1X0	385.0	359-385	0-0	3thn 3tho
OTULIN	Q96BN8	352.0	330-340	129-341	3znv 3znx 3znz 4ksj 5oe7 6i9c
PTPN6	P29350	595.0	1-105	244-515	1fpr 1gwz 1x6c 2b3o 2rmx 2yu7 3ps5 4gry 4grz 4hjp 6sm5
NEDD4	P46934	1319.0	1-140	984-1318	2kpz 2kq0 2m3o 2xbf 4bbn 4be8 4n7h 5aht 5c91
DDX3X	O00571	662.0	132-181	211-575	2i4i 4o2c 5e7m 6cz5
DCLK1	O15075	740.0	647-740	390-646	1mfw 1mg4 1uf0
TRAF6	Q9Y4K3	522.0	346-522	1-273	1lb4 1lb5 1lb6 2eci 2jmd 3hct 5zuj 6a33
TNK2	Q07912	1038.0	803-880	126-385	1cf4 4id7
PRKAA2	P54646	552.0	291-376	16-268	2h6d 2ltu 2yza 3aqv 6b2e 6bx6
ITCH	Q96J02	903.0	5-99	569-903	2dmv 2kyk 2nq3 2p4r 2ysf 3tug 5c7m 5cq2
FLT1	P17948	1338.0	1159-1338	827-1158	1qsv 1qsz 3hng 4ckv
ACTN2	P35609	894.0	259-307	753-824	1h8b 1quu 4d1e 6swt 7a8t 7a8u 7b55 7b56 7b57
BAIAP2	Q9UQB8	552.0	1-178	238-292	2ykt 3rnj 4js0 6bd2
CRK	Q64010	304.0	132-192	235-296	1b07 1cka 1ckb 1ju5 1m30 1m3a 1m3b 1m3c 2ggr 5jn0 5l23
SEC22B	O08547	215.0	1-130	134-194	5vne 5vnf 5vng 5vnh 5vni 5vnj 5vnk 5vnl 5vnm 5vnn 5vno
HMGB1	P09429	215.0	186-215	76-95	2ly4 2rtu 2yrq 6cg0 6cij 6cik 6cil 6cim 6oeo
PRKAA1	Q13131	559.0	313-392	27-279	4rer 4rew 6c9f 6c9g 6c9h 6c9j 7jhg 7jhh 7jij 7m74
CYTH2	Q99418	400.0	387-395	72-201	1pbv 1r8m 1r8s 1s9d 4jmi 4jmo 4jwl 4jxh 4l5m 4z21
PREX1	Q8TCU6	1659.0	409-499	49-240,271-392	3qik 4yon 5d27 5fi1 6pcv 6vsk 7rx9 7syf
DNMT1	P13864	1620.0	649-695	1142-1601	3av4 3av5 3av6 3pt9 5gut 5guv 5wy1
KPNA2	P52292	529.0	2-58	142-238,315-403	1efx 1qgk 1qgr 3fex 3fey 4wv6 5h43 7n8j 7n9h
MYLK	P11799	1906.0	1716-1728	1453-1708	1qtx 1vrk 2k0f 2o5g 3ek7 3ek8 3ekh 3ekj 3evr 3evu 3evv 3o77 3sg2 3sg3 3sg4 3sg5 3sg6 3sg7 3wlc 3wld 4oy4
RPS6KA3	P51812	740.0	694-711	68-327,422-679	4d9t 4d9u 4jg6 4jg7 4jg8 4nus 4nw5 4nw6 5d9l
ETV6	P41212	452.0	410-452	339-409	5l0p 7n1o 7tw7 7tw8 7tw9
EIF4G1	Q04637	1599.0	607-618	682-1085	5ehc 5ei3 5eir 5zk5 6zmw
CRK	P46108	304.0	239-294	132-192	1ju5 2dvj 2eyv 2eyw 2eyx 2eyy 2eyz 2ms4 5ul6 6atv
ARIH1	Q9Y4X5	557.0	408-557	339-392	1wd2 2m9y 4kc9 5tte 7b5l 7b5m 7b5n 7b5s
DIAPH1	O08808	1255.0	131-378	1180-1199	2f31 2v8f
ETS1	P27577	440.0	304-310,416-441	335-415	1mdm 1r36 2jv3 2kmd
	P0AES4	875.0	838-875	1-450	1ab4 3nuh
	P53686	357.0	300-320	1-280	1q14 1szc 1szd 2od2 2od7 2od9 2qqf 2qqg 7f4e 7f51
MAVS	Q7Z434	540.0	141-200,251-300	401-450	2vgq 3j6c 3rc5
PRKCI	P41743	596.0	123-140	254-522	1vd2 1wmh 1zrz 5li9
PTEN	P60484	403.0	350-400	14-185,258-268,321-324	1d5r 2kyl 4o1v 7jtx 7juk 7jul 7jvx
VAV1	P15498	845.0	131-178	194-373	2crh 2lct 2mc1 2ror 6new 6nf1 6nfa
PDGFRA	P16234	1089.0	550-587	593-954	5grn 5k5x 6a32 6joi 6joj 6jok 6jol 7lbf 7ram
NFKB2	Q00653	900.0	455-900	38-343	2d96 3do7 4ot9 5zmc
NCK2	O43639	380.0	60-109	111-170	1u5s 1wx6 1z3k 2b86 2cia 2frw 2fry 2jxb
NCF1	P14598	390.0	226-390	4-125	1gd5 1k4u 1kq6 1ng2 1wlp 7yxw
DGCR8	Q8WYQ5	773.0	276-498	511-578,620-685	1x47 2yt4 3le4 7cnc
DAPK2	Q9UIK4	370.0	292-301	23-285	1wrz
ARHGEF11	O15085	1522.0	672-730	734-1079	1htj 2dls 5e6p
ARHGAP1	Q07960	439.0	1-48,169-197	244-431	1ow3 1rgp 1tx4 2ngr 6r3v
CLIP1	P30622	1438.0	1417-1434	232-274	2cp5 2cp6 2e3h 2e3i 2e4h 2qk0
CYTH3	O08967	399.0	251-265,383-395	77-206	1fgy 1fgz 1u2b 6bbp 6bbq
PLCG1	P10686	1290.0	780-795	668-765	1y0m 1ywo 1ywp 2fjl 3gqi 5eg3 6pbc 7z3j
VTA1	Q06263	330.0	183-266	281-290	2luh 3mhv 5h7p
RPS6KA3	P18654	740.0	697-712	328-679	2qr7 2qr8 3g51 3ubd 4el9 4gue 4m8t 4mao 5o1s
	Q7CWV1	442.0	1-106	107-442	4dwp 4e0g 4e0j 4e0p 4e0y 4e0z 4e10 4f41 4f43
USP14	P54578	494.0	329-351,429-433	105-483	5gjq 7w37 7w38 7w39 7w3a 7w3b 7w3c 7w3f 7w3g 7w3h 7w3i 7w3j 7w3k 7w3m
PTK6	Q13882	451.0	75-174,447-451	191-445	1rja 2kgt 5da3 6cz2 6cz3 6cz4
PKN1	Q16512	942.0	455-511	615-874	1cxz 1urf 2rmk 4otd 4otg 4oth 4oti
PDGFRB	P09619	1106.0	525-567	600-962	1h9o 1sha 2pld 2ple
NTRK2	Q16620	822.0	298-377	538-807	1wwb 2mfq 4asz 4at3 4at4 4at5 5mo9
NLRP1	Q9C000	1473.0	809-973	328-637	1pn5 3kat
FLT3	P36888	993.0	565-604	610-943	1rjb 4rt7 5x02 6il3 6jqr
ERG	P11308	479.0	272-289,378-388	290-377	1sxe 4irg 4irh 4iri 6vge 6vgg
APBA1	Q02410	837.0	626-641	453-622	1u37 1u38 1u39 1u3b 1x45 1y7n
MDM4	Q7ZUW7	496.0	275-295	22-105	4n5t 6v4f 6v4g
	P06782	633.0	316-398	55-306	2fh9 3mn3 3t4n 3tdh 3te5
EPHB1	P54762	984.0	593-618	619-882	2djs 2eao 7kpl 7kpm
KIF1A	Q12756		429-472,622-681	352-361,516-572	4uxo 4uxp 4uxr 4uxs
STK4	Q13043	487.0	282-431	30-281	4oh8 5twg 5twh
SMURF2	Q9HAU4	748.0	10-140	414-748	1zvd 2djy 2jqz 2kxq 2ltz 7m3q
NEK7	Q8TDX7	302.0	182-199	34-181,200-299	2wqm 2wqn 6npy
SH3KBP1	Q96B97	665.0	337-346	267-328	2k6d 2k9g 2ydl 5abs
EPHB2	P54763	986.0	595-621	621-884	1nuk 1shw 3etp 7s7k
EIF2AK4	P15442	1659.0	1498-1659	599-981	2yz0
PLCG1	P08487	1291.0	757-790	668-756	2fci 2pld 2ple 5to4 5tq1
PLXNA2	P70207	1894.0	1261-1341,1471-1672	1324-1450,1651-1872	3al8 3okt 3oky 5l74
PRKCA	P05696	672.0	19-36	339-597	1dsy 2nce 3gpe 3rdj 3twy 4l1l
WNK3	Q9BYP7	1800.0	440-463	147-405	5o2c
USP8	P40818	1118.0	645-684	777-1109	1whb 2gfo
WWP1	Q9H0M0	922.0	349-527	588-922	1nd7 2op7 5hps
	Q95PM0	450.0	96-113	126-342	2p7u 2p86 7avm
WWP2	O00308	870.0	20-100	536-870	4y07 5tj8 5tjq 6j1z 6rss
WAS	P42768	502.0	238-251	430-447	1cee 1ej5 1t84 2a3z 2k42
TP53BP2	Q13625	1128.0	693-901	925-1128	1ycs 2uwq 6hkp
PAK5	Q9NQU5	681.0	60-180	407-658	2c30 2odb 4ks7 4ks8 6qdr 6qds
MICAL1	Q8TDZ2	1067.0	755-1067	1-450	1wyl 2co8 2dk9 5le0 5lpn
GSDMD	P57764	484.0	280-484	1-275	5nh1 6ao4
GGA3	Q9NZ52	723.0	391-395	16-146	1p4u
DLC1	Q96QB1	1528.0	1-76	655-801	2dky 2gyt 2kap 2loz 3kuq 5fzt
CRKL	P46109	303.0	129-175	14-102	2bzx 2dbk 2eo3 2lqn 2lqw
CAMK2D	Q13557	499.0	283-292	14-272	2wel 3gp2
AIM2	O14862	343.0	29-68	138-337	3vd8 4o7q
MRE11	Q58719	366.0	290-330	1-289	3auz 3av0
STIM1	Q13586	685.0	63-98,238-343	132-200,344-444	2k60 6yel
VAV1	P27870	845.0	1-119,120-193,402-504,782-842	194-373	1f5x 1gcq 1k1z 2kbt 2vrw
WNK1	Q9JIH7	2126.0	514-537	221-479	2lru 4q2a 5drb 6ol2
ERCC6	Q03468	1493.0	91-101	102-695	4cvo 7oo3 7oob 7oop 7opc 7opd
FGFR3	P22607	806.0	127-149	151-244,472-761	1ry7 4k33 6lvm 7dhl
FKBP8	Q14318	412.0	1-32	120-204	2awg 2d9f 2f2d 2mf9 3ey6
ADAMTS13	Q76LX8	1427.0	1072-1298	80-685	3ghm 3ghn 3vn4 6qig 7b01
ARID4A	P29374	1257.0	273-310	309-401,568-635,1-121	2lcc 2mam 2yrv 6bph 6l87
CHD1L	Q86WJ1	897.0	704-897	351-513	6zhy 7enn 7epu 7otq
	Q8RT31	374.0	201-354	1-190	1xt0 4c7p 4d7q 4d7r
TRIB1	Q96RU8	372.0	355-360	1-338	5cek 5cem
PLCB3	Q01970	1234.0	469-589	318-468,590-706	4qj4 4qj5 7sq2
NLRP3	Q96P20	1036.0	740-991	220-536	2naq 6npy 7alv
MSN	P26038	577.0	467-577	4-297	1e5w 1sgh 6txq 6txs
MAPKAPK3	Q16644		307-343	44-304	3fhr 3fxw 3r1n 3she 7nrb
CAMK1D	Q8IU85	385.0	279-319	23-278	6qp5 6t28 6t29
ATF2	P15336	505.0	349-415	1-243	1bhi 1t2k 4h36 6zqs
ASAP1	Q9ULH1	1129.0	1-325	326-560	2da0 2ed1 2rqt 2rqu
	Q3KK31	648.0	170-390	399-648	3pju 3pjw 3pjx
LYN	P07948	512.0	129-226,227-246	63-123,502-512	1w1f 1wa7 3a4o 5xy1 6nmw
MAP2K6	P52564	334.0	251-277	53-314	2y8o 3fme 3vn9 5etf 8a8m
MICAL1	Q8VDP3	1048.0	761-1048	1-489	4txi 4txk
PLCG1	P19174	1290.0	757-790	668-756	1hsq 2hsp 4fbn 7nxe
ROR2	Q01974	943.0	555-556	473-746	6osh 6osn 6osv
	O62305	720.0	273-317	12-269	3kk9
	A0A0R4I961	279.0	155-279	3-147	6gu0
IQGAP1	P46940	1657.0	1276-1657	956-1274	1x0h 2rr8 3fay
LYN	P25911	512.0	129-226,227-246	63-123,502-512	2zv7 2zv8 2zv9 2zva
PLXNA1	P70206	1894.0	51-491,1266-1346,1472-1672	1348-1472,1673-1894	5l56 5l5c 5l7n
WNK1	Q9H4A3	2382.0	488-555	221-479	4pwn 6fbk
TRERF1	P60240		1-110	147-416,441-659	7m8e 7mkn 7mkq
	Q2U1F3		1-79	150-350	6zep 6zeq 7oez
ATR	P38111		2309-2317	2241-2263	5x6o
PTPN2	P17706	415.0	353-387	5-275	1l8k
PRKD2	Q9BZL6	878.0	397-509	551-807	2coa 3bgm 4nnx 4nny
PRKCA	P17252	672.0	19-37	339-597	2eli 4ra4
PKN2	Q16513	984.0	455-511	657-916	4crs 4rrv 6ccy 6gbe
MEIS2	O14770	477.0	150-193	276-338	5eg0
MAP3K11	Q16584	847.0	43-103	117-379	6cq7
IRF4	Q15306	451.0	401-451	21-129	2dll 6td4
EPHB2	P29323	1055.0	588-623	624-884	1f0m 3zfm
CHMP3	Q9Y3E7	222.0	151-222	1-113	3frv
CAMK1	Q14012	370.0	286-300	20-276	4fg7 4fgb
ARHGEF4	Q9NR80	690.0	129-179	284-468	2dx1 2pz1
ANP32A	P39687	249.0	121-163	1-120	6xzq
ARHGEF12	Q9NZN5	1544.0	721-764	765-782	1txd 2omj 2os6
ELK4	P28324	431.0	136-214	5-85	1bc7 1bc8 1k6o
KPNA1	P52294	538.0	1-57	149-241,318-406	4b18 6wx9
PLK1	Q07832	603.0	402-603	53-305	5dmv 5dnj
PRKN	Q9JK66	465.0	141-225,378-410	226-377,410-465	2knb
	P32917	917.0	367-517	593-786	2kgn 2l4u 3fze 4f2h
TLN1	Q9Y490	2541.0	1654-2344	86-403	1syq 2mwn 4dj9 6r9t
DLG1	P31007	970.0	481-681	780-955	3tvt
ETV6	P97360	485.0	426-435	335-416	2lf7 2lf8 2md5 4mhg
	Q8VSC3	545.0	57-228	251-545	3l3p 5b0t 6k2d
PTPN11	P35235	593.0	1-103	247-521	1ayb 1ayc 1ayd
SEC22B	O75396	215.0	1-130	134-194	2nup 2nut 3egd 3egx
ARRB1	P49407	418.0	357-418	1-110	6pwc 6tko 6up7 7r0c 7r0j 7srs
VPS4A	Q9UN37	437.0	2-116	117-437	1yxr 2jq9 2k3w
RPS6KA5	O75582	802.0	702-723	49-318,426-687	1vzo 7up6
PRKAR1A	P10644	381.0	1-98	137-381	5kjx 5kjy 5kjz
PPP3CB	P16298	524.0	417-423,474-496	22-357	4or9 4ora 4orc
PLK4	O97143	769.0	318-380	14-267	4nk7
OTUD7B	Q6GQQ9	843.0	187-193	194-365	5lru 5lrv
MST1R	Q04912	1400.0	1346-1400	1082-1345	3pls 4fww
MEFV	O15553	781.0	1-92	580-775	2mpc 2wl1
GSK3B	Q9WV60	420.0	1-34	56-340	4nu1
GRK5	P34947	590.0	563-590	186-448	4tnb 4tnd 6pjx
GABPA	Q00422	454.0	401-430	320-400	1awc 1sxd 2juo
ETV4	P43268	484.0	321-340,433-474	341-421	4co8 5ilu
CYTH3	O43739	400.0	252-264,380-400	77-206	4kax
CRK	Q04929	305.0	225-297	133-193	2l3p 2l3q 2l3s
CAMK1	Q63450	374.0	285-316	20-276	1a06 2l7l
PLEKHM2	Q8IWE5	1019.0	604-1019	1-603	3cxb 3hw2
	Q8NQJ3	143.0	1-40	68-117	2kb3 2kb4 4qcj
	P41832	1953.0	1792-1826	174-696	1ux5 1y64
MAPRE1	Q61166	268.0	185-255	14-116	1v5k
MYLK2	P07313	608.0	549-577	297-552	2bbm 2bbn
PHKG1	P00518	387.0	303-327	343-367	1phk 1ql6 2phk
PRKN	Q9WVS6	464.0	140-224,377-409	237-292,417-448	1mg8 2zeq 3b1l
PTK2	P34152	1052.0	35-355	390-680	1k40
SH3KBP1	Q8R550	709.0	381-390	311-372	1wi7 2da9
	P0A0J0	368.0	16-90	135-205,303-356	4g6d 4g94
	P07038	920.0	892-917	562-625	7nxf
APBB1IP	Q7Z5R6	666.0	30-70	170-220	2mwn 3zdl
RASGRP2	Q7LDG7	609.0	337-551	154-336	2ma2
RASGRP1	O95267	797.0	468-609	205-436	4l9m
PRKCG	P05129	697.0	18-36	351-614	2e73
PLCB2	Q00722	1185.0	466-537	312-463,546-662	2fju 2zkm
PASK	Q96RG2	1323.0	183-200	999-1251	1ll8
NOTCH2	Q04721	2471.0	1425-1544	1545-1670	5mwb
MEIS1	O00470	390.0	148-191	272-334	5ego
MAP2K2	P36507	400.0	75-102	72-74,103-369	1jky 4h3q
HIPK2	Q9H2X6	1198.0	984-1198	199-527	6p5s 7ncf
FLT4	P35916	1363.0	1174-1298	845-1173	4bsj 4bsk
DIAPH3	Q9NSV4	1193.0	16-361,1020-1060	540-1013	5uwp 6x2y
DAAM1	Q9Y4D1	1078.0	1027-1058	45-420	2j1d
CYTH1	Q15438	398.0	388-396	73-202	1bc9
COQ8A	Q8NI60	647.0	276-279	329-518	4ped 5i35
CHMP6	Q96FZ7	201.0	168-201	1-145	2k3w
CHMP4A	Q9BY43	222.0	182-222	1-150	3c3o
CARD11	Q9BXL7	1154.0	448-666	18-110	4lwd
CAMK2G	Q13555	558.0	283-292	14-272	2v7o
ARIH2	O95376	493.0	359-493	297-326	7oni
ARHGAP45	Q92619	1136.0	281-356	757-971	3d25 3ft3
ESPL1	Q14674	2120.0	711-723,955-974,1393-1400	667-1706,1707-2120	7nj0 7nj1
	Q72L95	423.0	1-73	234-423	5x21 6cuu 6ovy 6ow3 6oy5 6oy6 6oy7 6p70 6p71
SNORA8	Q9LF79	1074.0	43-54	433-464	2m73 4aqr
APAF1	O88879	1249.0	1-90	107-285,362-451	3sfz 3shf
	P28829	659.0	151-260	394-658	1i35 1k8r
	P14633	404.0	26-100	185-404	3hqg
	Q5Y4Y6	464.0	240-464	1-239	5b5r 6cb8
ITSN1	Q9Z0R4	1714.0	1151-1203	1230-1416	3hs8
MYLK2	Q9H1R3	596.0	537-565	285-540	2lv6
PPP5C	P53042	499.0	28-129	495-499,200-494	4ja7 4ja9
ROCK2	Q62868	1388.0	971-1047,1150-1349	93-354	2rov 2row
	P77994	399.0	1-99	352-379	1tty 2k6x
DNAJC2	P32527	433.0	348-364	365-433	2lwx 7x34 7x3k
AIM2	Q91VJ1	354.0	1-113	144-341	2n00
RIGI	Q6Q899	926.0	794-925	1-172	3tbk
HIPK3	Q9H422	1215.0	984-1196	197-525	7o7i 7o7j
	D2AJU0	545.0	57-228	251-545	6loj 6lol
	Q8Y842	572.0	61-73	89-243	3fi7 5jqc
PLXND1	Q3UH93	1925.0	1294-1403,1527-1698	1404-1526,1699-1925	5v6t
SYK	P48025	629.0	107-166,259-364	365-625	2lct 2mc1
UNC5B	Q8K1S3	945.0	543-686	689-838,865-943	6ool
WNK2	Q9Y3S1	2297.0	488-511	195-453	6elm 6fbk
PRKD3	O94806	890.0	416-532	576-832	2d9z
MAP4K3	Q8IVH8	894.0	511-735	16-273	5j5t
FMNL2	Q96PY5	1086.0	1040-1079	23-469	4yc7
EIF4G3	O43432	1585.0	619-630	699-1019	1hu3
CAMK4	Q16566	473.0	305-321	46-300	2w4o
ARHGEF26	Q96DR7	871.0	376-391	439-623	6mye
KIF4A	O95239	1232.0	1115-1227	9-336	6oyl
MYO7A	Q13402	2215.0	1747-2205	65-741	5mv9
PREX2	Q70Z35	1606.0	1581-1606	23-361	6bnm
PLXNA3	P70208	1872.0	1244-1324,1450-1650	1325-1449,1651-1872	3ig3
YES1	P07947	543.0	158-255,256-276	91-152,500-543	2hda
	O81108	1014.0	1-50	51-1014	2m7e
ELF3	P78545	371.0	130-159	273-355	2e8p
ELF5	Q9UKW6	265.0	1-42	173-254	1wwx
FGR	P09769	529.0	144-241,242-262	77-138,490-529	7jt9
	Q83RJ4	571.0	58-260	279-571	3cvr
KPNA6	O60684	536.0	1-57	147-239,316-404	4uad 7rht
PPP3CA	P63328	521.0	407-414,467-487	56-340	4orb
	P0CE12	788.0	223-466	492-788	3g06
STIM2	Q9P246	746.0	67-102	136-204	2l5y
	O08722	945.0	541-687	688-828,853-942	3g5b
VAMP7	P51809	220.0	7-110	125-185	2dmw
YKT6	Q5EGY4	198.0	8-131	138-198	3kyq
ARHGEF9	O43307	516.0	8-67	103-287	2ysq
CLIP1	Q922J3	1391.0	1370-1387	231-273	2cp7
	Q54KF1	1158.0	1134-1158	20-388	2l1a
GRK5	P43249	590.0	563-590	186-448	4wnk
IRF7	Q92985	503.0	283-466	1-151,468-503	2o61
MSN	P26041	577.0	467-577	2-295	4yl8
NSF	P46459	744.0	200-219	244-495	6kzq
OTUD7A	Q8TE49	926.0	202-209	210-374	2l2d
PAK1	P35465	544.0	70-149	269-520	1e0a
PAK3	Q61036	559.0	65-161	283-534	1ees
	P14280	546.0	1-219	220-557	1xg2
ERCC6	P40352	1085.0	12-65	309-518	5vvr
RAF1	P11345	648.0	51-186	349-609	1rrb
TLN2	Q9Y4G6	2542.0	1656-2345	88-406	6u4k
